{"network":{"id":4,"name":"LNBTCGuide","status":3,"path":"/Users/joseblock/.polar/networks/4","nodes":{"bitcoin":[{"id":0,"networkId":4,"name":"backend1","type":"bitcoin","implementation":"bitcoind","version":"0.21.1","peers":[],"status":3,"ports":{"rpc":18443,"p2p":19444,"zmqBlock":28334,"zmqTx":29335},"docker":{"image":"","command":""}}],"lightning":[{"id":0,"networkId":4,"name":"alice","type":"lightning","implementation":"LND","version":"0.13.0-beta.rc3","status":3,"backendName":"backend1","paths":{"tlsCert":"/Users/joseblock/.polar/networks/4/volumes/lnd/alice/tls.cert","adminMacaroon":"/Users/joseblock/.polar/networks/4/volumes/lnd/alice/data/chain/bitcoin/regtest/admin.macaroon","invoiceMacaroon":"/Users/joseblock/.polar/networks/4/volumes/lnd/alice/data/chain/bitcoin/regtest/invoice.macaroon","readonlyMacaroon":"/Users/joseblock/.polar/networks/4/volumes/lnd/alice/data/chain/bitcoin/regtest/readonly.macaroon"},"ports":{"rest":8081,"grpc":10001,"p2p":9735},"docker":{"image":"","command":""}},{"id":1,"networkId":4,"name":"bob","type":"lightning","implementation":"LND","version":"0.13.0-beta.rc3","status":3,"backendName":"backend1","paths":{"tlsCert":"/Users/joseblock/.polar/networks/4/volumes/lnd/bob/tls.cert","adminMacaroon":"/Users/joseblock/.polar/networks/4/volumes/lnd/bob/data/chain/bitcoin/regtest/admin.macaroon","invoiceMacaroon":"/Users/joseblock/.polar/networks/4/volumes/lnd/bob/data/chain/bitcoin/regtest/invoice.macaroon","readonlyMacaroon":"/Users/joseblock/.polar/networks/4/volumes/lnd/bob/data/chain/bitcoin/regtest/readonly.macaroon"},"ports":{"rest":8082,"grpc":10002,"p2p":9736},"docker":{"image":"","command":""}},{"id":2,"networkId":4,"name":"carol","type":"lightning","implementation":"LND","version":"0.13.0-beta.rc3","status":3,"backendName":"backend1","paths":{"tlsCert":"/Users/joseblock/.polar/networks/4/volumes/lnd/carol/tls.cert","adminMacaroon":"/Users/joseblock/.polar/networks/4/volumes/lnd/carol/data/chain/bitcoin/regtest/admin.macaroon","invoiceMacaroon":"/Users/joseblock/.polar/networks/4/volumes/lnd/carol/data/chain/bitcoin/regtest/invoice.macaroon","readonlyMacaroon":"/Users/joseblock/.polar/networks/4/volumes/lnd/carol/data/chain/bitcoin/regtest/readonly.macaroon"},"ports":{"rest":8083,"grpc":10003,"p2p":9737},"docker":{"image":"","command":""}}]}},"chart":{"offset":{"x":20,"y":60},"nodes":{"backend1":{"id":"backend1","type":"bitcoin","position":{"x":500,"y":380},"ports":{"backend":{"id":"backend","type":"top","position":{"x":100,"y":0}},"peer-left":{"id":"peer-left","type":"left","position":{"x":0,"y":22}},"peer-right":{"id":"peer-right","type":"right","position":{"x":200,"y":22}}},"size":{"width":200,"height":43},"properties":{"status":3,"icon":"./static/media/bitcoin.c9f33461.svg"}},"alice":{"id":"alice","type":"lightning","position":{"x":180,"y":160},"ports":{"empty-left":{"id":"empty-left","type":"left","position":{"x":0,"y":22}},"empty-right":{"id":"empty-right","type":"right","position":{"x":200,"y":22}},"backend":{"id":"backend","type":"bottom","position":{"x":100,"y":43}}},"size":{"width":200,"height":43},"properties":{"status":3,"icon":"./static/media/lnd.095d2fef.png"}},"bob":{"id":"bob","type":"lightning","position":{"x":500,"y":160},"ports":{"empty-left":{"id":"empty-left","type":"left","position":{"x":0,"y":22}},"empty-right":{"id":"empty-right","type":"right","position":{"x":200,"y":22}},"backend":{"id":"backend","type":"bottom","position":{"x":100,"y":43}}},"size":{"width":200,"height":43},"properties":{"status":3,"icon":"./static/media/lnd.095d2fef.png"}},"carol":{"id":"carol","type":"lightning","position":{"x":840,"y":160},"ports":{"empty-left":{"id":"empty-left","type":"left","position":{"x":0,"y":22}},"empty-right":{"id":"empty-right","type":"right","position":{"x":200,"y":22}},"backend":{"id":"backend","type":"bottom","position":{"x":100,"y":43}}},"size":{"width":200,"height":43},"properties":{"status":3,"icon":"./static/media/lnd.095d2fef.png"}}},"links":{"alice-backend1":{"id":"alice-backend1","from":{"nodeId":"alice","portId":"backend"},"to":{"nodeId":"backend1","portId":"backend"},"properties":{"type":"backend"}},"bob-backend1":{"id":"bob-backend1","from":{"nodeId":"bob","portId":"backend"},"to":{"nodeId":"backend1","portId":"backend"},"properties":{"type":"backend"}},"carol-backend1":{"id":"carol-backend1","from":{"nodeId":"carol","portId":"backend"},"to":{"nodeId":"backend1","portId":"backend"},"properties":{"type":"backend"}}},"selected":{"type":"node","id":"carol"},"hovered":{},"scale":0.772}}